{
    "PolarFlowCoeffs": {
        "frontal_area": 1,
        "lateral_area": 1,
        "length": 1,
        "cy": [
            0,
            -78.4243720930233,
            -148.211490033223,
            -221.755068106312,
            -302.759215946844,
            -386.741674418605,
            -466.539536544851,
            -556.018488372093,
            -629.954352159468,
            -698.336835548173,
            -751.755672757475,
            -778.937119601329,
            -801.270222591362,
            -807.486093023256,
            -805.833495016611,
            -803.792875415282,
            -797.479714285714,
            -790.967139534884,
            -789.436431893688,
            -791.125903654485,
            -792.813996677741,
            -794.666149501661,
            -797.139971760797,
            -788.415473421927,
            -775.138257475083,
            -751.939089700997,
            -711.709217607974,
            -661.178910299003,
            -596.764799003322,
            -522.444710963455,
            -447.980249169435,
            -367.400591362126,
            -291.616136212625,
            -218.92176744186,
            -141.700074750831,
            -73.56573089701,
            -2.75758970099668,
            73.56573089701,
            141.700074750831,
            218.92176744186,
            291.616136212625,
            367.400591362126,
            447.980249169435,
            522.444710963455,
            596.764799003322,
            661.178910299003,
            711.709217607974,
            751.939089700997,
            775.138257475083,
            788.415473421927,
            797.139971760797,
            794.666149501661,
            792.813996677741,
            791.125903654485,
            789.436431893688,
            790.967139534884,
            797.479714285714,
            803.792875415282,
            805.833495016611,
            807.486093023256,
            801.270222591362,
            778.937119601329,
            751.755672757475,
            698.336835548173,
            629.954352159468,
            556.018488372093,
            466.539536544851,
            386.741674418605,
            302.759215946844,
            221.755068106312,
            148.211490033223,
            78.4243720930233,
            0
        ],
        "FRAME_CONVENTION": "NWU",
        "cn": [
            0,
            -2445.69296843854,
            -4405.3191179402,
            -5831.75736378738,
            -8448.28099501661,
            -9417.30673421927,
            -11424.4298355482,
            -12250.5468189369,
            -12768.6617840532,
            -13710.9045581395,
            -13525.6539252492,
            -13177.7218405316,
            -12378.2978754153,
            -11803.3015797342,
            -10415.3521528239,
            -9369.52300664452,
            -8694.03608637874,
            -6886.0167076412,
            -6497.53735215947,
            -5055.92192857143,
            -3927.33616943522,
            -2557.3265282392,
            -1522.961589701,
            -531.31192192691,
            479.805335548173,
            1436.96654152824,
            2060.28312126246,
            3210.30172757475,
            3554.56946511628,
            3862.99789700997,
            3212.00161627907,
            3534.48562790698,
            3344.61758471761,
            2714.13880232558,
            2069.24062790698,
            802.108750830565,
            -414.320664451827,
            -802.108750830565,
            -2069.24062790698,
            -2714.13880232558,
            -3344.61758471761,
            -3534.48562790698,
            -3212.00161627907,
            -3862.99789700997,
            -3554.56946511628,
            -3210.30172757475,
            -2060.28312126246,
            -1436.96654152824,
            -479.805335548173,
            531.31192192691,
            1522.961589701,
            2557.3265282392,
            3927.33616943522,
            5055.92192857143,
            6497.53735215947,
            6886.0167076412,
            8694.03608637874,
            9369.52300664452,
            10415.3521528239,
            11803.3015797342,
            12378.2978754153,
            13177.7218405316,
            13525.6539252492,
            13710.9045581395,
            12768.6617840532,
            12250.5468189369,
            11424.4298355482,
            9417.30673421927,
            8448.28099501661,
            5831.75736378738,
            4405.3191179402,
            2445.69296843854,
            0
        ],
        "angles": [
            0.0,
            5.333554,
            10.317367,
            15.301179,
            20.284992,
            25.268805,
            30.252618,
            35.23643,
            40.220243,
            45.204056,
            50.187869,
            55.171681,
            60.155494,
            65.139307,
            70.12312,
            75.106932,
            80.090745,
            85.074558,
            90.05837,
            95.042183,
            100.025996,
            105.009809,
            109.993622,
            114.977434,
            119.961247,
            124.94506,
            129.928873,
            134.912685,
            139.896498,
            144.880311,
            149.864124,
            154.847936,
            159.831749,
            164.815562,
            169.799374,
            174.783187,
            180.0,
            185.216813,
            190.200626,
            195.184438,
            200.168251,
            205.152064,
            210.135876,
            215.119689,
            220.103502,
            225.087315,
            230.071127,
            235.05494,
            240.038753,
            245.022566,
            250.006378,
            254.990191,
            259.974004,
            264.957817,
            269.941629,
            274.925442,
            279.909255,
            284.893068,
            289.87688,
            294.860693,
            299.844506,
            304.828319,
            309.812132,
            314.795944,
            319.779757,
            324.76357,
            329.747383,
            334.731195,
            339.715008,
            344.698821,
            349.682634,
            354.666446,
            360.0
        ],