{
    "PolarFlowCoeffs": {
        "cy": [
            0.0, 
            -47.211472, 
            -89.223317, 
            -133.496551, 
            -182.261048, 
            -232.818488, 
            -280.856801, 
            -334.72313, 
            -379.23252, 
            -420.398775, 
            -452.556915, 
            -468.920146, 
            -482.364674, 
            -486.106628, 
            -485.111764, 
            -483.883311, 
            -480.082788, 
            -476.162218, 
            -475.240732, 
            -476.257794, 
            -477.274026, 
            -478.389022, 
            -479.878263, 
            -474.626115, 
            -466.633231, 
            -452.667332, 
            -428.448949, 
            -398.029704, 
            -359.252409, 
            -314.511716, 
            -269.68411, 
            -221.175156, 
            -175.552914, 
            -131.790904, 
            -85.303445, 
            -44.28657, 
            -1.660069, 
            44.28657, 
            85.303445, 
            131.790904, 
            175.552914, 
            221.175156, 
            269.68411, 
            314.511716, 
            359.252409, 
            398.029704, 
            428.448949, 
            452.667332, 
            466.633231, 
            474.626115, 
            479.878263, 
            478.389022, 
            477.274026, 
            476.257794, 
            475.240732, 
            476.162218, 
            480.082788, 
            483.883311, 
            485.111764, 
            486.106628, 
            482.364674, 
            468.920146, 
            452.556915, 
            420.398775, 
            379.23252, 
            334.72313, 
            280.856801, 
            232.818488, 
            182.261048, 
            133.496551, 
            89.223317, 
            47.211472, 
            0.0
        ], 
        "FRAME_CONVENTION": "NWU", 
        "cn": [
            0.0, 
            -1472.307167, 
            -2652.002109, 
            -3510.717933, 
            -5085.865159, 
            -5669.218654, 
            -6877.506761, 
            -7374.829185, 
            -7686.734394, 
            -8253.964544, 
            -8142.443663, 
            -7932.988548, 
            -7451.735321, 
            -7105.587551, 
            -6270.041996, 
            -5640.45285, 
            -5233.809724, 
            -4145.382058, 
            -3911.517486, 
            -3043.665001, 
            -2364.256374, 
            -1539.51057, 
            -916.822877, 
            -319.849777, 
            288.842812, 
            865.053858, 
            1240.290439, 
            1932.60164, 
            2139.850818, 
            2325.524734, 
            1933.624973, 
            2127.760348, 
            2013.459786, 
            1633.911559, 
            1245.682858, 
            482.869468, 
            -249.42104, 
            -482.869468, 
            -1245.682858, 
            -1633.911559, 
            -2013.459786, 
            -2127.760348, 
            -1933.624973, 
            -2325.524734, 
            -2139.850818, 
            -1932.60164, 
            -1240.290439, 
            -865.053858, 
            -288.842812, 
            319.849777, 
            916.822877, 
            1539.51057, 
            2364.256374, 
            3043.665001, 
            3911.517486, 
            4145.382058, 
            5233.809724, 
            5640.45285, 
            6270.041996, 
            7105.587551, 
            7451.735321, 
            7932.988548, 
            8142.443663, 
            8253.964544, 
            7686.734394, 
            7374.829185, 
            6877.506761, 
            5669.218654, 
            5085.865159, 
            3510.717933, 
            2652.002109, 
            1472.307167, 
            0.0
        ], 
        "angles": [
            0.0, 
            5.333554, 
            10.317367, 
            15.301179, 
            20.284992, 
            25.268805, 
            30.252618, 
            35.23643, 
            40.220243, 
            45.204056, 
            50.187869, 
            55.171681, 
            60.155494, 
            65.139307, 
            70.12312, 
            75.106932, 
            80.090745, 
            85.074558, 
            90.05837, 
            95.042183, 
            100.025996, 
            105.009809, 
            109.993622, 
            114.977434, 
            119.961247, 
            124.94506, 
            129.928873, 
            134.912685, 
            139.896498, 
            144.880311, 
            149.864124, 
            154.847936, 
            159.831749, 
            164.815562, 
            169.799374, 
            174.783187, 
            180.0, 
            185.216813, 
            190.200626, 
            195.184438, 
            200.168251, 
            205.152064, 
            210.135876, 
            215.119689, 
            220.103502, 
            225.087315, 
            230.071127, 
            235.05494, 
            240.038753, 
            245.022566, 
            250.006378, 
            254.990191, 
            259.974004, 
            264.957817, 
            269.941629, 
            274.925442, 
            279.909255, 
            284.893068, 
            289.87688, 
            294.860693, 
            299.844506, 
            304.828319, 
            309.812132, 
            314.795944, 
            319.779757, 
            324.76357, 
            329.747383, 
            334.731195, 
            339.715008, 
            344.698821, 
            349.682634, 
            354.666446, 
            360.0
        ], 
        "cx": [
            -158.358717, 
            -156.61755, 
            -157.714744, 
            -159.697139, 
            -161.355608, 
            -159.71506, 
            -161.204437, 
            -155.903126, 
            -147.801261, 
            -137.442472, 
            -124.917509, 
            -107.34734, 
            -91.317389, 
            -73.412693, 
            -55.598585, 
            -43.205591, 
            -28.939176, 
            -14.027222, 
            1.490822, 
            21.340401, 
            41.862128, 
            64.408809, 
            88.443158, 
            109.478372, 
            133.270978, 
            155.793562, 
            174.4633, 
            196.481379, 
            208.422455, 
            221.209628, 
            227.033785, 
            232.125038, 
            233.049783, 
            231.109093, 
            233.106364, 
            234.055718, 
            233.095245, 
            234.055718, 
            233.106364, 
            231.109093, 
            233.049783, 
            232.125038, 
            227.033785, 
            221.209628, 
            208.422455, 
            196.481379, 
            174.4633, 
            155.793562, 
            133.270978, 
            109.478372, 
            88.443158, 
            64.408809, 
            41.862128, 
            21.340401, 
            1.490822, 
            -14.027222, 
            -28.939176, 
            -43.205591, 
            -55.598585, 
            -73.412693, 
            -91.317389, 
            -107.34734, 
            -124.917509, 
            -137.442472, 
            -147.801261, 
            -155.903126, 
            -161.204437, 
            -159.71506, 
            -161.355608, 
            -159.697139, 
            -157.714744, 
            -156.61755, 
            -158.358717
        ], 
        "DIRECTION_CONVENTION": "COMEFROM", 
        "unit": "DEG"
    },